coordinator_group_id,scenario_name,realization_id,module_name,accepted_action_id,accepted_action_type,decision_source_sector_id,decision_target_sector_id,source_sector_id,target_sector_id,coordinator_affected_sector_id,application_affected_sector_id,application_state_variable,affected_parameter,accepted_flag,rejected_flag,rejection_reason,module_priority,final_candidate_rank,not_applied_flag,rejection_type
1,outage_sector,2,COC/OH,749,compensate_neighbor,2,12,2,12,12,12,sectors.referencePowerOffset_dB|sectors.electricalTilt_deg|sectors.cio_dB,RS_power|tilt|CIO,1,0,,2,1,1,
2,degraded_sector,3,COC/OH,853,no_op,3,0,3,0,0,0,none,none,1,0,,2,1,1,
3,degraded_sector,9,COC/OH,3409,no_op,9,0,9,0,0,0,none,none,1,0,,2,1,1,
4,outage_sector,9,COC/OH,3731,compensate_neighbor,9,1,9,1,1,1,sectors.referencePowerOffset_dB|sectors.electricalTilt_deg|sectors.cio_dB,RS_power|tilt|CIO,1,0,,2,1,1,
5,mixed_conflict,10,COC/OH,3977,no_op,10,0,10,0,0,0,none,none,1,0,,2,1,1,
6,mixed_conflict,11,COC/OH,4501,compensate_neighbor,11,2,11,2,2,2,sectors.electricalTilt_deg,tilt,1,0,,2,1,1,
7,outage_sector,13,COC/OH,5435,compensate_neighbor,13,2,13,2,2,2,sectors.referencePowerOffset_dB|sectors.electricalTilt_deg|sectors.cio_dB,RS_power|tilt|CIO,1,0,,2,1,1,
8,outage_sector,15,COC/OH,6287,compensate_neighbor,15,17,15,17,17,17,sectors.referencePowerOffset_dB|sectors.electricalTilt_deg|sectors.cio_dB,RS_power|tilt|CIO,1,0,,2,1,1,
9,mixed_conflict,16,COC/OH,6584,compensate_neighbor,16,3,16,3,3,3,sectors.electricalTilt_deg,tilt,1,0,,2,1,1,
10,mixed_conflict,17,COC/OH,7057,compensate_neighbor,17,12,17,12,12,12,sectors.electricalTilt_deg,tilt,1,0,,2,1,1,
11,degraded_sector,18,COC/OH,7243,no_op,18,0,18,0,0,0,none,none,1,0,,2,1,1,
12,mixed_conflict,18,COC/OH,7483,compensate_neighbor,18,15,18,15,15,15,sectors.electricalTilt_deg,tilt,1,0,,2,1,1,
13,outage_sector,18,COC/OH,7565,compensate_neighbor,18,16,18,16,16,16,sectors.referencePowerOffset_dB|sectors.electricalTilt_deg|sectors.cio_dB,RS_power|tilt|CIO,1,0,,2,1,1,
14,degraded_sector,20,COC/OH,8095,no_op,20,0,20,0,0,0,none,none,1,0,,2,1,1,
15,degraded_sector,21,COC/OH,8521,no_op,21,0,21,0,0,0,none,none,1,0,,2,1,1,
16,mixed_conflict,1,LB/MLB,8997,cio_bias_to_neighbor,2,1,2,1,2,1,sectors.cio_dB,CIO_bias,1,0,,3,1,1,
16,mixed_conflict,1,LB/MLB,9005,cio_bias_to_neighbor,3,20,3,20,3,20,sectors.cio_dB,CIO_bias,1,0,,3,2,1,
16,mixed_conflict,1,LB/MLB,9022,cio_bias_to_neighbor,6,20,6,20,6,20,sectors.cio_dB,CIO_bias,0,1,Both actions write the same simulator state variable on the same application sector.,3,0,1,duplicate_application_target_parameter
16,mixed_conflict,1,LB/MLB,9031,cio_bias_to_neighbor,8,7,8,7,8,7,sectors.cio_dB,CIO_bias,1,0,,3,3,1,
16,mixed_conflict,1,LB/MLB,9048,cio_bias_to_neighbor,10,5,10,5,10,5,sectors.cio_dB,CIO_bias,1,0,,3,4,1,
16,mixed_conflict,1,LB/MLB,9051,no_op,11,0,11,0,0,0,none,none,1,0,,3,5,1,
16,mixed_conflict,1,LB/MLB,9064,no_op,12,0,12,0,0,0,none,none,1,0,,3,6,1,
16,mixed_conflict,1,LB/MLB,9088,cio_bias_to_neighbor,13,15,13,15,13,15,sectors.cio_dB,CIO_bias,1,0,,3,7,1,
16,mixed_conflict,1,LB/MLB,9097,cio_bias_to_neighbor,14,17,14,17,14,17,sectors.cio_dB,CIO_bias,1,0,,3,8,1,
16,mixed_conflict,1,LB/MLB,9105,cio_bias_to_neighbor,16,20,16,20,16,20,sectors.cio_dB,CIO_bias,0,1,Both actions write the same simulator state variable on the same application sector.,3,0,1,duplicate_application_target_parameter
16,mixed_conflict,1,LB/MLB,9126,cio_bias_to_neighbor,19,20,19,20,19,20,sectors.cio_dB,CIO_bias,0,1,Both actions write the same simulator state variable on the same application sector.,3,0,1,duplicate_application_target_parameter
16,mixed_conflict,1,LB/MLB,9129,no_op,20,0,20,0,0,0,none,none,1,0,,3,9,1,
16,mixed_conflict,1,LB/MLB,9152,cio_bias_to_neighbor,21,20,21,20,21,20,sectors.cio_dB,CIO_bias,0,1,Both actions write the same simulator state variable on the same application sector.,3,0,1,duplicate_application_target_parameter
17,overload,1,LB/MLB,9179,cio_bias_to_neighbor,2,1,2,1,2,1,sectors.cio_dB,CIO_bias,0,1,Both actions write the same simulator state variable on the same application sector.,3,0,1,duplicate_application_target_parameter
17,overload,1,LB/MLB,9188,cio_bias_to_neighbor,4,1,4,1,4,1,sectors.cio_dB,CIO_bias,0,1,Both actions write the same simulator state variable on the same application sector.,3,0,1,duplicate_application_target_parameter
17,overload,1,LB/MLB,9197,cio_bias_to_neighbor,5,1,5,1,5,1,sectors.cio_dB,CIO_bias,0,1,Both actions write the same simulator state variable on the same application sector.,3,0,1,duplicate_application_target_parameter
17,overload,1,LB/MLB,9207,no_op,6,0,6,0,0,0,none,none,1,0,,3,1,1,
17,overload,1,LB/MLB,9227,cio_bias_to_neighbor,8,7,8,7,8,7,sectors.cio_dB,CIO_bias,1,0,,3,2,1,
17,overload,1,LB/MLB,9236,cio_bias_to_neighbor,9,1,9,1,9,1,sectors.cio_dB,CIO_bias,1,0,,3,3,1,
17,overload,1,LB/MLB,9246,no_op,10,0,10,0,0,0,none,none,1,0,,3,4,1,
17,overload,1,LB/MLB,9259,no_op,11,0,11,0,0,0,none,none,1,0,,3,5,1,
17,overload,1,LB/MLB,9272,no_op,12,0,12,0,0,0,none,none,1,0,,3,6,1,
17,overload,1,LB/MLB,9285,no_op,13,0,13,0,0,0,none,none,1,0,,3,7,1,
17,overload,1,LB/MLB,9305,cio_bias_to_neighbor,14,17,14,17,14,17,sectors.cio_dB,CIO_bias,0,1,Both actions write the same simulator state variable on the same application sector.,3,0,1,duplicate_application_target_parameter
17,overload,1,LB/MLB,9314,cio_bias_to_neighbor,15,17,15,17,15,17,sectors.cio_dB,CIO_bias,1,0,,3,8,1,
17,overload,1,LB/MLB,9332,cio_bias_to_neighbor,16,3,16,3,16,3,sectors.cio_dB,CIO_bias,0,1,Both actions write the same simulator state variable on the same application sector.,3,0,1,duplicate_application_target_parameter
17,overload,1,LB/MLB,9337,no_op,18,0,18,0,0,0,none,none,1,0,,3,9,1,
17,overload,1,LB/MLB,9350,no_op,19,0,19,0,0,0,none,none,1,0,,3,10,1,
17,overload,1,LB/MLB,9366,cio_bias_to_neighbor,20,3,20,3,20,3,sectors.cio_dB,CIO_bias,1,0,,3,11,1,
17,overload,1,LB/MLB,9376,no_op,21,0,21,0,0,0,none,none,1,0,,3,12,1,
18,mixed_conflict,2,LB/MLB,9402,no_op,1,0,1,0,0,0,none,none,1,0,,3,1,1,
18,mixed_conflict,2,LB/MLB,9425,cio_bias_to_neighbor,3,2,3,2,3,2,sectors.cio_dB,CIO_bias,0,1,Both actions write the same simulator state variable on the same application sector.,3,0,1,duplicate_application_target_parameter
18,mixed_conflict,2,LB/MLB,9438,cio_bias_to_neighbor,4,19,4,19,4,19,sectors.cio_dB,CIO_bias,1,0,,3,2,1,
18,mixed_conflict,2,LB/MLB,9441,no_op,5,0,5,0,0,0,none,none,1,0,,3,3,1,
18,mixed_conflict,2,LB/MLB,9456,cio_bias_to_neighbor,6,19,6,19,6,19,sectors.cio_dB,CIO_bias,0,1,Both actions write the same simulator state variable on the same application sector.,3,0,1,duplicate_application_target_parameter
18,mixed_conflict,2,LB/MLB,9467,no_op,7,0,7,0,0,0,none,none,1,0,,3,4,1,
18,mixed_conflict,2,LB/MLB,9480,no_op,8,0,8,0,0,0,none,none,1,0,,3,5,1,
18,mixed_conflict,2,LB/MLB,9493,no_op,9,0,9,0,0,0,none,none,1,0,,3,6,1,
18,mixed_conflict,2,LB/MLB,9506,no_op,10,0,10,0,0,0,none,none,1,0,,3,7,1,
18,mixed_conflict,2,LB/MLB,9529,cio_bias_to_neighbor,11,2,11,2,11,2,sectors.cio_dB,CIO_bias,1,0,,3,8,1,
18,mixed_conflict,2,LB/MLB,9534,cio_bias_to_neighbor,12,2,12,2,12,2,sectors.cio_dB,CIO_bias,0,1,Both actions write the same simulator state variable on the same application sector.,3,0,1,duplicate_application_target_parameter
18,mixed_conflict,2,LB/MLB,9547,cio_bias_to_neighbor,13,2,13,2,13,2,sectors.cio_dB,CIO_bias,0,1,Both actions write the same simulator state variable on the same application sector.,3,0,1,duplicate_application_target_parameter
18,mixed_conflict,2,LB/MLB,9568,cio_bias_to_neighbor,15,14,15,14,15,14,sectors.cio_dB,CIO_bias,1,0,,3,9,1,
18,mixed_conflict,2,LB/MLB,9582,cio_bias_to_neighbor,16,18,16,18,16,18,sectors.cio_dB,CIO_bias,1,0,,3,10,1,
18,mixed_conflict,2,LB/MLB,9584,no_op,17,0,17,0,0,0,none,none,1,0,,3,11,1,
18,mixed_conflict,2,LB/MLB,9597,no_op,19,0,19,0,0,0,none,none,1,0,,3,12,1,
18,mixed_conflict,2,LB/MLB,9610,no_op,20,0,20,0,0,0,none,none,1,0,,3,13,1,
18,mixed_conflict,2,LB/MLB,9625,cio_bias_to_neighbor,21,19,21,19,21,19,sectors.cio_dB,CIO_bias,0,1,Both actions write the same simulator state variable on the same application sector.,3,0,1,duplicate_application_target_parameter
1,outage_sector,2,LB/MLB,9649,no_op,17,0,17,0,0,0,none,none,1,0,,3,2,1,
1,outage_sector,2,LB/MLB,9662,no_op,20,0,20,0,0,0,none,none,1,0,,3,3,1,
2,degraded_sector,3,LB/MLB,9913,cio_bias_to_neighbor,1,5,1,5,1,5,sectors.cio_dB,CIO_bias,1,0,,3,2,1,
19,mixed_conflict,3,LB/MLB,9961,no_op,4,0,4,0,0,0,none,none,1,0,,3,1,1,
19,mixed_conflict,3,LB/MLB,9976,cio_bias_to_neighbor,5,1,5,1,5,1,sectors.cio_dB,CIO_bias,0,1,Both actions write the same simulator state variable on the same application sector.,3,0,1,duplicate_application_target_parameter
19,mixed_conflict,3,LB/MLB,9987,no_op,6,0,6,0,0,0,none,none,1,0,,3,2,1,
19,mixed_conflict,3,LB/MLB,10000,no_op,7,0,7,0,0,0,none,none,1,0,,3,3,1,
19,mixed_conflict,3,LB/MLB,10013,no_op,8,0,8,0,0,0,none,none,1,0,,3,4,1,
19,mixed_conflict,3,LB/MLB,10028,cio_bias_to_neighbor,9,1,9,1,9,1,sectors.cio_dB,CIO_bias,1,0,,3,5,1,
19,mixed_conflict,3,LB/MLB,10045,cio_bias_to_neighbor,10,11,10,11,10,11,sectors.cio_dB,CIO_bias,1,0,,3,6,1,
19,mixed_conflict,3,LB/MLB,10052,no_op,11,0,11,0,0,0,none,none,1,0,,3,7,1,
19,mixed_conflict,3,LB/MLB,10068,cio_bias_to_neighbor,12,2,12,2,12,2,sectors.cio_dB,CIO_bias,1,0,,3,8,1,
19,mixed_conflict,3,LB/MLB,10089,cio_bias_to_neighbor,13,15,13,15,13,15,sectors.cio_dB,CIO_bias,1,0,,3,9,1,
19,mixed_conflict,3,LB/MLB,10102,cio_bias_to_neighbor,14,2,14,2,14,2,sectors.cio_dB,CIO_bias,0,1,Both actions write the same simulator state variable on the same application sector.,3,0,1,duplicate_application_target_parameter
19,mixed_conflict,3,LB/MLB,10111,cio_bias_to_neighbor,16,3,16,3,16,3,sectors.cio_dB,CIO_bias,1,0,,3,10,1,
19,mixed_conflict,3,LB/MLB,10117,no_op,19,0,19,0,0,0,none,none,1,0,,3,11,1,
19,mixed_conflict,3,LB/MLB,10133,cio_bias_to_neighbor,20,3,20,3,20,3,sectors.cio_dB,CIO_bias,0,1,Both actions write the same simulator state variable on the same application sector.,3,0,1,duplicate_application_target_parameter
19,mixed_conflict,3,LB/MLB,10143,no_op,21,0,21,0,0,0,none,none,1,0,,3,12,1,
20,normal,3,LB/MLB,10160,cio_bias_to_neighbor,3,16,3,16,3,16,sectors.cio_dB,CIO_bias,1,0,,3,1,1,
21,degraded_sector,4,LB/MLB,10403,no_op,6,0,6,0,0,0,none,none,1,0,,3,1,1,
21,degraded_sector,4,LB/MLB,10419,cio_bias_to_neighbor,12,2,12,2,12,2,sectors.cio_dB,CIO_bias,0,1,Both actions write the same simulator state variable on the same application sector.,3,0,1,duplicate_application_target_parameter
21,degraded_sector,4,LB/MLB,10433,cio_bias_to_neighbor,13,2,13,2,13,2,sectors.cio_dB,CIO_bias,1,0,,3,2,1,
21,degraded_sector,4,LB/MLB,10442,no_op,17,0,17,0,0,0,none,none,1,0,,3,3,1,
22,handover_stress,4,LB/MLB,10455,no_op,2,0,2,0,0,0,none,none,1,0,,3,1,1,
22,handover_stress,4,LB/MLB,10471,cio_bias_to_neighbor,16,20,16,20,16,20,sectors.cio_dB,CIO_bias,1,0,,3,2,1,
23,handover_stress,5,LB/MLB,10939,cio_bias_to_neighbor,3,16,3,16,3,16,sectors.cio_dB,CIO_bias,1,0,,3,1,1,
23,handover_stress,5,LB/MLB,10952,cio_bias_to_neighbor,4,5,4,5,4,5,sectors.cio_dB,CIO_bias,1,0,,3,2,1,
23,handover_stress,5,LB/MLB,10962,no_op,20,0,20,0,0,0,none,none,1,0,,3,3,1,
24,outage_sector,5,LB/MLB,11199,cio_bias_to_neighbor,1,5,1,5,1,5,sectors.cio_dB,CIO_bias,1,0,,3,1,1,
25,degraded_sector,6,LB/MLB,11446,cio_bias_to_neighbor,2,12,2,12,2,12,sectors.cio_dB,CIO_bias,1,0,,3,1,1,
25,degraded_sector,6,LB/MLB,11456,no_op,16,0,16,0,0,0,none,none,1,0,,3,2,1,
25,degraded_sector,6,LB/MLB,11469,no_op,20,0,20,0,0,0,none,none,1,0,,3,3,1,
26,outage_sector,6,LB/MLB,11740,cio_bias_to_neighbor,9,5,9,5,9,5,sectors.cio_dB,CIO_bias,1,0,,3,1,1,
26,outage_sector,6,LB/MLB,11742,no_op,18,0,18,0,0,0,none,none,1,0,,3,2,1,
27,mixed_conflict,8,LB/MLB,12509,no_op,1,0,1,0,0,0,none,none,1,0,,3,1,1,
27,mixed_conflict,8,LB/MLB,12522,no_op,2,0,2,0,0,0,none,none,1,0,,3,2,1,
27,mixed_conflict,8,LB/MLB,12537,cio_bias_to_neighbor,3,16,3,16,3,16,sectors.cio_dB,CIO_bias,1,0,,3,3,1,
27,mixed_conflict,8,LB/MLB,12548,no_op,4,0,4,0,0,0,none,none,1,0,,3,4,1,
27,mixed_conflict,8,LB/MLB,12571,cio_bias_to_neighbor,5,4,5,4,5,4,sectors.cio_dB,CIO_bias,1,0,,3,5,1,
27,mixed_conflict,8,LB/MLB,12580,cio_bias_to_neighbor,6,16,6,16,6,16,sectors.cio_dB,CIO_bias,0,1,Both actions write the same simulator state variable on the same application sector.,3,0,1,duplicate_application_target_parameter
27,mixed_conflict,8,LB/MLB,12590,cio_bias_to_neighbor,7,8,7,8,7,8,sectors.cio_dB,CIO_bias,0,1,Both actions write the same simulator state variable on the same application sector.,3,0,1,duplicate_application_target_parameter
27,mixed_conflict,8,LB/MLB,12600,no_op,9,0,9,0,0,0,none,none,1,0,,3,6,1,
27,mixed_conflict,8,LB/MLB,12616,cio_bias_to_neighbor,10,8,10,8,10,8,sectors.cio_dB,CIO_bias,0,1,Both actions write the same simulator state variable on the same application sector.,3,0,1,duplicate_application_target_parameter
27,mixed_conflict,8,LB/MLB,12633,cio_bias_to_neighbor,11,8,11,8,11,8,sectors.cio_dB,CIO_bias,1,0,,3,7,1,
27,mixed_conflict,8,LB/MLB,12639,no_op,12,0,12,0,0,0,none,none,1,0,,3,8,1,
27,mixed_conflict,8,LB/MLB,12663,cio_bias_to_neighbor,13,15,13,15,13,15,sectors.cio_dB,CIO_bias,1,0,,3,9,1,
27,mixed_conflict,8,LB/MLB,12665,no_op,16,0,16,0,0,0,none,none,1,0,,3,10,1,
27,mixed_conflict,8,LB/MLB,12678,no_op,19,0,19,0,0,0,none,none,1,0,,3,11,1,
27,mixed_conflict,8,LB/MLB,12697,cio_bias_to_neighbor,20,16,20,16,20,16,sectors.cio_dB,CIO_bias,0,1,Both actions write the same simulator state variable on the same application sector.,3,0,1,duplicate_application_target_parameter
27,mixed_conflict,8,LB/MLB,12704,no_op,21,0,21,0,0,0,none,none,1,0,,3,12,1,
28,degraded_sector,11,LB/MLB,13900,no_op,8,0,8,0,0,0,none,none,1,0,,3,1,1,
29,overload,12,LB/MLB,14664,cio_bias_to_neighbor,3,2,3,2,3,2,sectors.cio_dB,CIO_bias,0,1,Both actions write the same simulator state variable on the same application sector.,3,0,1,duplicate_application_target_parameter
29,overload,12,LB/MLB,14670,cio_bias_to_neighbor,5,1,5,1,5,1,sectors.cio_dB,CIO_bias,1,0,,3,1,1,
29,overload,12,LB/MLB,14680,no_op,6,0,6,0,0,0,none,none,1,0,,3,2,1,
29,overload,12,LB/MLB,14705,cio_bias_to_neighbor,7,1,7,1,7,1,sectors.cio_dB,CIO_bias,0,1,Both actions write the same simulator state variable on the same application sector.,3,0,1,duplicate_application_target_parameter
29,overload,12,LB/MLB,14706,no_op,8,0,8,0,0,0,none,none,1,0,,3,3,1,
29,overload,12,LB/MLB,14719,no_op,9,0,9,0,0,0,none,none,1,0,,3,4,1,
29,overload,12,LB/MLB,14739,cio_bias_to_neighbor,10,11,10,11,10,11,sectors.cio_dB,CIO_bias,1,0,,3,5,1,
29,overload,12,LB/MLB,14747,cio_bias_to_neighbor,12,2,12,2,12,2,sectors.cio_dB,CIO_bias,1,0,,3,6,1,
29,overload,12,LB/MLB,14760,cio_bias_to_neighbor,13,2,13,2,13,2,sectors.cio_dB,CIO_bias,0,1,Both actions write the same simulator state variable on the same application sector.,3,0,1,duplicate_application_target_parameter
29,overload,12,LB/MLB,14781,cio_bias_to_neighbor,14,2,14,2,14,2,sectors.cio_dB,CIO_bias,0,1,Both actions write the same simulator state variable on the same application sector.,3,0,1,duplicate_application_target_parameter
29,overload,12,LB/MLB,14784,no_op,15,0,15,0,0,0,none,none,1,0,,3,7,1,
29,overload,12,LB/MLB,14797,no_op,16,0,16,0,0,0,none,none,1,0,,3,8,1,
29,overload,12,LB/MLB,14812,cio_bias_to_neighbor,17,15,17,15,17,15,sectors.cio_dB,CIO_bias,0,1,Both actions write the same simulator state variable on the same application sector.,3,0,1,duplicate_application_target_parameter
29,overload,12,LB/MLB,14833,cio_bias_to_neighbor,18,15,18,15,18,15,sectors.cio_dB,CIO_bias,1,0,,3,9,1,
29,overload,12,LB/MLB,14842,cio_bias_to_neighbor,19,21,19,21,19,21,sectors.cio_dB,CIO_bias,0,1,Both actions write the same simulator state variable on the same application sector.,3,0,1,duplicate_application_target_parameter
29,overload,12,LB/MLB,14859,cio_bias_to_neighbor,20,21,20,21,20,21,sectors.cio_dB,CIO_bias,1,0,,3,10,1,
30,overload,13,LB/MLB,15150,cio_bias_to_neighbor,1,5,1,5,1,5,sectors.cio_dB,CIO_bias,0,1,Both actions write the same simulator state variable on the same application sector.,3,0,1,duplicate_application_target_parameter
30,overload,13,LB/MLB,15161,no_op,2,0,2,0,0,0,none,none,1,0,,3,1,1,
30,overload,13,LB/MLB,15174,no_op,3,0,3,0,0,0,none,none,1,0,,3,2,1,
30,overload,13,LB/MLB,15187,no_op,6,0,6,0,0,0,none,none,1,0,,3,3,1,
30,overload,13,LB/MLB,15200,no_op,7,0,7,0,0,0,none,none,1,0,,3,4,1,
30,overload,13,LB/MLB,15213,no_op,8,0,8,0,0,0,none,none,1,0,,3,5,1,
30,overload,13,LB/MLB,15237,cio_bias_to_neighbor,9,5,9,5,9,5,sectors.cio_dB,CIO_bias,1,0,,3,6,1,
30,overload,13,LB/MLB,15249,cio_bias_to_neighbor,10,5,10,5,10,5,sectors.cio_dB,CIO_bias,0,1,Both actions write the same simulator state variable on the same application sector.,3,0,1,duplicate_application_target_parameter
30,overload,13,LB/MLB,15252,no_op,11,0,11,0,0,0,none,none,1,0,,3,7,1,
30,overload,13,LB/MLB,15265,no_op,12,0,12,0,0,0,none,none,1,0,,3,8,1,
30,overload,13,LB/MLB,15278,no_op,13,0,13,0,0,0,none,none,1,0,,3,9,1,
30,overload,13,LB/MLB,15291,no_op,14,0,14,0,0,0,none,none,1,0,,3,10,1,
30,overload,13,LB/MLB,15304,no_op,15,0,15,0,0,0,none,none,1,0,,3,11,1,
30,overload,13,LB/MLB,15317,no_op,16,0,16,0,0,0,none,none,1,0,,3,12,1,
30,overload,13,LB/MLB,15330,no_op,17,0,17,0,0,0,none,none,1,0,,3,13,1,
30,overload,13,LB/MLB,15343,no_op,18,0,18,0,0,0,none,none,1,0,,3,14,1,
30,overload,13,LB/MLB,15356,no_op,19,0,19,0,0,0,none,none,1,0,,3,15,1,
30,overload,13,LB/MLB,15369,no_op,20,0,20,0,0,0,none,none,1,0,,3,16,1,
30,overload,13,LB/MLB,15382,no_op,21,0,21,0,0,0,none,none,1,0,,3,17,1,
31,normal,14,LB/MLB,15675,cio_bias_to_neighbor,12,13,12,13,12,13,sectors.cio_dB,CIO_bias,1,0,,3,1,1,
31,normal,14,LB/MLB,15689,cio_bias_to_neighbor,15,13,15,13,15,13,sectors.cio_dB,CIO_bias,0,1,Both actions write the same simulator state variable on the same application sector.,3,0,1,duplicate_application_target_parameter
32,overload,14,LB/MLB,15718,cio_bias_to_neighbor,1,3,1,3,1,3,sectors.cio_dB,CIO_bias,1,0,,3,1,1,
32,overload,14,LB/MLB,15720,no_op,2,0,2,0,0,0,none,none,1,0,,3,2,1,
32,overload,14,LB/MLB,15733,no_op,4,0,4,0,0,0,none,none,1,0,,3,3,1,
32,overload,14,LB/MLB,15746,no_op,5,0,5,0,0,0,none,none,1,0,,3,4,1,
32,overload,14,LB/MLB,15771,cio_bias_to_neighbor,6,20,6,20,6,20,sectors.cio_dB,CIO_bias,0,1,Both actions write the same simulator state variable on the same application sector.,3,0,1,duplicate_application_target_parameter
32,overload,14,LB/MLB,15774,cio_bias_to_neighbor,7,8,7,8,7,8,sectors.cio_dB,CIO_bias,0,1,Both actions write the same simulator state variable on the same application sector.,3,0,1,duplicate_application_target_parameter
32,overload,14,LB/MLB,15785,no_op,9,0,9,0,0,0,none,none,1,0,,3,5,1,
32,overload,14,LB/MLB,15800,cio_bias_to_neighbor,10,8,10,8,10,8,sectors.cio_dB,CIO_bias,0,1,Both actions write the same simulator state variable on the same application sector.,3,0,1,duplicate_application_target_parameter
32,overload,14,LB/MLB,15818,cio_bias_to_neighbor,11,8,11,8,11,8,sectors.cio_dB,CIO_bias,1,0,,3,6,1,
32,overload,14,LB/MLB,15824,no_op,12,0,12,0,0,0,none,none,1,0,,3,7,1,
32,overload,14,LB/MLB,15837,no_op,13,0,13,0,0,0,none,none,1,0,,3,8,1,
32,overload,14,LB/MLB,15850,no_op,14,0,14,0,0,0,none,none,1,0,,3,9,1,
32,overload,14,LB/MLB,15873,cio_bias_to_neighbor,15,14,15,14,15,14,sectors.cio_dB,CIO_bias,1,0,,3,10,1,
32,overload,14,LB/MLB,15879,cio_bias_to_neighbor,16,20,16,20,16,20,sectors.cio_dB,CIO_bias,1,0,,3,11,1,
32,overload,14,LB/MLB,15889,no_op,17,0,17,0,0,0,none,none,1,0,,3,12,1,
32,overload,14,LB/MLB,15908,cio_bias_to_neighbor,18,3,18,3,18,3,sectors.cio_dB,CIO_bias,0,1,Both actions write the same simulator state variable on the same application sector.,3,0,1,duplicate_application_target_parameter
32,overload,14,LB/MLB,15926,cio_bias_to_neighbor,19,20,19,20,19,20,sectors.cio_dB,CIO_bias,0,1,Both actions write the same simulator state variable on the same application sector.,3,0,1,duplicate_application_target_parameter
32,overload,14,LB/MLB,15939,cio_bias_to_neighbor,21,20,21,20,21,20,sectors.cio_dB,CIO_bias,0,1,Both actions write the same simulator state variable on the same application sector.,3,0,1,duplicate_application_target_parameter
33,overload,15,LB/MLB,16233,cio_bias_to_neighbor,1,9,1,9,1,9,sectors.cio_dB,CIO_bias,0,1,Both actions write the same simulator state variable on the same application sector.,3,0,1,duplicate_application_target_parameter
33,overload,15,LB/MLB,16247,cio_bias_to_neighbor,2,13,2,13,2,13,sectors.cio_dB,CIO_bias,1,0,,3,1,1,
33,overload,15,LB/MLB,16253,no_op,3,0,3,0,0,0,none,none,1,0,,3,2,1,
33,overload,15,LB/MLB,16277,cio_bias_to_neighbor,4,19,4,19,4,19,sectors.cio_dB,CIO_bias,0,1,Both actions write the same simulator state variable on the same application sector.,3,0,1,duplicate_application_target_parameter
33,overload,15,LB/MLB,16285,cio_bias_to_neighbor,5,9,5,9,5,9,sectors.cio_dB,CIO_bias,1,0,,3,3,1,
33,overload,15,LB/MLB,16295,cio_bias_to_neighbor,6,19,6,19,6,19,sectors.cio_dB,CIO_bias,1,0,,3,4,1,
33,overload,15,LB/MLB,16312,cio_bias_to_neighbor,7,10,7,10,7,10,sectors.cio_dB,CIO_bias,1,0,,3,5,1,
33,overload,15,LB/MLB,16322,cio_bias_to_neighbor,11,10,11,10,11,10,sectors.cio_dB,CIO_bias,0,1,Both actions write the same simulator state variable on the same application sector.,3,0,1,duplicate_application_target_parameter
33,overload,15,LB/MLB,16343,cio_bias_to_neighbor,12,10,12,10,12,10,sectors.cio_dB,CIO_bias,0,1,Both actions write the same simulator state variable on the same application sector.,3,0,1,duplicate_application_target_parameter
33,overload,15,LB/MLB,16351,cio_bias_to_neighbor,15,13,15,13,15,13,sectors.cio_dB,CIO_bias,0,1,Both actions write the same simulator state variable on the same application sector.,3,0,1,duplicate_application_target_parameter
33,overload,15,LB/MLB,16357,no_op,16,0,16,0,0,0,none,none,1,0,,3,6,1,
33,overload,15,LB/MLB,16370,no_op,17,0,17,0,0,0,none,none,1,0,,3,7,1,
33,overload,15,LB/MLB,16383,no_op,18,0,18,0,0,0,none,none,1,0,,3,8,1,
33,overload,15,LB/MLB,16396,no_op,20,0,20,0,0,0,none,none,1,0,,3,9,1,
33,overload,15,LB/MLB,16412,cio_bias_to_neighbor,21,19,21,19,21,19,sectors.cio_dB,CIO_bias,0,1,Both actions write the same simulator state variable on the same application sector.,3,0,1,duplicate_application_target_parameter
34,handover_stress,16,LB/MLB,16435,no_op,12,0,12,0,0,0,none,none,1,0,,3,1,1,
34,handover_stress,16,LB/MLB,16451,cio_bias_to_neighbor,16,20,16,20,16,20,sectors.cio_dB,CIO_bias,1,0,,3,2,1,
35,handover_stress,17,LB/MLB,16888,cio_bias_to_neighbor,12,10,12,10,12,10,sectors.cio_dB,CIO_bias,1,0,,3,1,1,
13,outage_sector,18,LB/MLB,17534,cio_bias_to_neighbor,14,17,14,17,14,17,sectors.cio_dB,CIO_bias,1,0,,3,2,1,
36,mixed_conflict,19,LB/MLB,17790,cio_bias_to_neighbor,3,16,3,16,3,16,sectors.cio_dB,CIO_bias,1,0,,3,1,1,
36,mixed_conflict,19,LB/MLB,17807,cio_bias_to_neighbor,4,1,4,1,4,1,sectors.cio_dB,CIO_bias,0,1,Both actions write the same simulator state variable on the same application sector.,3,0,1,duplicate_application_target_parameter
36,mixed_conflict,19,LB/MLB,17816,cio_bias_to_neighbor,5,1,5,1,5,1,sectors.cio_dB,CIO_bias,1,0,,3,2,1,
36,mixed_conflict,19,LB/MLB,17832,cio_bias_to_neighbor,6,16,6,16,6,16,sectors.cio_dB,CIO_bias,0,1,Both actions write the same simulator state variable on the same application sector.,3,0,1,duplicate_application_target_parameter
36,mixed_conflict,19,LB/MLB,17850,cio_bias_to_neighbor,7,1,7,1,7,1,sectors.cio_dB,CIO_bias,0,1,Both actions write the same simulator state variable on the same application sector.,3,0,1,duplicate_application_target_parameter
36,mixed_conflict,19,LB/MLB,17855,cio_bias_to_neighbor,8,10,8,10,8,10,sectors.cio_dB,CIO_bias,0,1,Both actions write the same simulator state variable on the same application sector.,3,0,1,duplicate_application_target_parameter
36,mixed_conflict,19,LB/MLB,17868,cio_bias_to_neighbor,11,10,11,10,11,10,sectors.cio_dB,CIO_bias,0,1,Both actions write the same simulator state variable on the same application sector.,3,0,1,duplicate_application_target_parameter
36,mixed_conflict,19,LB/MLB,17889,cio_bias_to_neighbor,12,10,12,10,12,10,sectors.cio_dB,CIO_bias,1,0,,3,3,1,
36,mixed_conflict,19,LB/MLB,17893,cio_bias_to_neighbor,13,2,13,2,13,2,sectors.cio_dB,CIO_bias,1,0,,3,4,1,
36,mixed_conflict,19,LB/MLB,17914,cio_bias_to_neighbor,14,2,14,2,14,2,sectors.cio_dB,CIO_bias,0,1,Both actions write the same simulator state variable on the same application sector.,3,0,1,duplicate_application_target_parameter
36,mixed_conflict,19,LB/MLB,17917,no_op,15,0,15,0,0,0,none,none,1,0,,3,5,1,
36,mixed_conflict,19,LB/MLB,17936,cio_bias_to_neighbor,17,16,17,16,17,16,sectors.cio_dB,CIO_bias,0,1,Both actions write the same simulator state variable on the same application sector.,3,0,1,duplicate_application_target_parameter
36,mixed_conflict,19,LB/MLB,17949,cio_bias_to_neighbor,19,21,19,21,19,21,sectors.cio_dB,CIO_bias,1,0,,3,6,1,
36,mixed_conflict,19,LB/MLB,17962,cio_bias_to_neighbor,20,16,20,16,20,16,sectors.cio_dB,CIO_bias,0,1,Both actions write the same simulator state variable on the same application sector.,3,0,1,duplicate_application_target_parameter
37,normal,21,LB/MLB,19022,no_op,13,0,13,0,0,0,none,none,1,0,,3,1,1,
37,normal,21,LB/MLB,19035,no_op,18,0,18,0,0,0,none,none,1,0,,3,2,1,
38,handover_stress,1,ES,19295,keep_active,3,3,3,3,3,3,none,none,1,0,,6,12,1,
39,low_load,1,ES,19299,sleep,2,2,2,2,2,2,sectors.is_sleeping,ES_state,1,0,,6,1,1,
39,low_load,1,ES,19301,keep_active,3,3,3,3,3,3,none,none,1,0,,6,2,1,
39,low_load,1,ES,19303,keep_active,4,4,4,4,4,4,none,none,1,0,,6,3,1,
39,low_load,1,ES,19306,keep_active,5,5,5,5,5,5,none,none,1,0,,6,4,1,
39,low_load,1,ES,19309,keep_active,7,7,7,7,7,7,none,none,1,0,,6,5,1,
39,low_load,1,ES,19313,sleep,8,8,8,8,8,8,sectors.is_sleeping,ES_state,1,0,,6,6,1,
39,low_load,1,ES,19316,sleep,9,9,9,9,9,9,sectors.is_sleeping,ES_state,1,0,,6,7,1,
39,low_load,1,ES,19318,keep_active,10,10,10,10,10,10,none,none,1,0,,6,8,1,
39,low_load,1,ES,19321,keep_active,11,11,11,11,11,11,none,none,1,0,,6,9,1,
39,low_load,1,ES,19324,keep_active,14,14,14,14,14,14,none,none,1,0,,6,10,1,
39,low_load,1,ES,19327,keep_active,15,15,15,15,15,15,none,none,1,0,,6,11,1,
39,low_load,1,ES,19330,sleep,16,16,16,16,16,16,sectors.is_sleeping,ES_state,1,0,,6,12,1,
39,low_load,1,ES,19332,keep_active,17,17,17,17,17,17,none,none,1,0,,6,13,1,
39,low_load,1,ES,19336,sleep,18,18,18,18,18,18,sectors.is_sleeping,ES_state,1,0,,6,14,1,
39,low_load,1,ES,19339,sleep,19,19,19,19,19,19,sectors.is_sleeping,ES_state,1,0,,6,15,1,
39,low_load,1,ES,19341,keep_active,20,20,20,20,20,20,none,none,1,0,,6,16,1,
40,handover_stress,2,ES,19410,keep_active,6,6,6,6,6,6,none,none,1,0,,6,12,1,
40,handover_stress,2,ES,19413,keep_active,7,7,7,7,7,7,none,none,1,0,,6,13,1,
41,low_load,2,ES,19417,sleep,1,1,1,1,1,1,sectors.is_sleeping,ES_state,1,0,,6,1,1,
41,low_load,2,ES,19420,sleep,2,2,2,2,2,2,sectors.is_sleeping,ES_state,1,0,,6,2,1,
41,low_load,2,ES,19422,keep_active,4,4,4,4,4,4,none,none,1,0,,6,3,1,
41,low_load,2,ES,19425,keep_active,5,5,5,5,5,5,none,none,1,0,,6,4,1,
41,low_load,2,ES,19428,keep_active,6,6,6,6,6,6,none,none,1,0,,6,5,1,
41,low_load,2,ES,19431,keep_active,7,7,7,7,7,7,none,none,1,0,,6,6,1,
41,low_load,2,ES,19434,keep_active,8,8,8,8,8,8,none,none,1,0,,6,7,1,
41,low_load,2,ES,19437,keep_active,10,10,10,10,10,10,none,none,1,0,,6,8,1,
41,low_load,2,ES,19440,keep_active,11,11,11,11,11,11,none,none,1,0,,6,9,1,
41,low_load,2,ES,19443,keep_active,12,12,12,12,12,12,none,none,1,0,,6,10,1,
41,low_load,2,ES,19447,sleep,13,13,13,13,13,13,sectors.is_sleeping,ES_state,1,0,,6,11,1,
41,low_load,2,ES,19450,sleep,14,14,14,14,14,14,sectors.is_sleeping,ES_state,1,0,,6,12,1,
41,low_load,2,ES,19452,keep_active,15,15,15,15,15,15,none,none,1,0,,6,13,1,
41,low_load,2,ES,19456,sleep,16,16,16,16,16,16,sectors.is_sleeping,ES_state,1,0,,6,14,1,
41,low_load,2,ES,19459,sleep,17,17,17,17,17,17,sectors.is_sleeping,ES_state,1,0,,6,15,1,
41,low_load,2,ES,19461,keep_active,18,18,18,18,18,18,none,none,1,0,,6,16,1,
41,low_load,2,ES,19464,keep_active,19,19,19,19,19,19,none,none,1,0,,6,17,1,
41,low_load,2,ES,19467,keep_active,20,20,20,20,20,20,none,none,1,0,,6,18,1,
41,low_load,2,ES,19471,sleep,21,21,21,21,21,21,sectors.is_sleeping,ES_state,1,0,,6,19,1,
42,normal,2,ES,19529,sleep,2,2,2,2,2,2,sectors.is_sleeping,ES_state,1,0,,6,1,1,
42,normal,2,ES,19531,keep_active,7,7,7,7,7,7,none,none,1,0,,6,2,1,
42,normal,2,ES,19535,sleep,21,21,21,21,21,21,sectors.is_sleeping,ES_state,1,0,,6,3,1,
2,degraded_sector,3,ES,19549,sleep,10,10,10,10,10,10,sectors.is_sleeping,ES_state,1,0,,6,5,1,
43,low_load,3,ES,19554,keep_active,1,1,1,1,1,1,none,none,1,0,,6,1,1,
43,low_load,3,ES,19557,sleep,2,2,2,2,2,2,sectors.is_sleeping,ES_state,1,0,,6,2,1,
43,low_load,3,ES,19559,keep_active,3,3,3,3,3,3,none,none,1,0,,6,3,1,
43,low_load,3,ES,19562,keep_active,4,4,4,4,4,4,none,none,1,0,,6,4,1,
43,low_load,3,ES,19565,keep_active,5,5,5,5,5,5,none,none,1,0,,6,5,1,
43,low_load,3,ES,19568,keep_active,6,6,6,6,6,6,none,none,1,0,,6,6,1,
43,low_load,3,ES,19571,keep_active,7,7,7,7,7,7,none,none,1,0,,6,7,1,
43,low_load,3,ES,19574,keep_active,8,8,8,8,8,8,none,none,1,0,,6,8,1,
43,low_load,3,ES,19578,sleep,9,9,9,9,9,9,sectors.is_sleeping,ES_state,1,0,,6,9,1,
43,low_load,3,ES,19580,keep_active,10,10,10,10,10,10,none,none,1,0,,6,10,1,
43,low_load,3,ES,19583,keep_active,11,11,11,11,11,11,none,none,1,0,,6,11,1,
43,low_load,3,ES,19587,sleep,12,12,12,12,12,12,sectors.is_sleeping,ES_state,1,0,,6,12,1,
43,low_load,3,ES,19589,keep_active,14,14,14,14,14,14,none,none,1,0,,6,13,1,
43,low_load,3,ES,19592,keep_active,15,15,15,15,15,15,none,none,1,0,,6,14,1,
43,low_load,3,ES,19596,sleep,17,17,17,17,17,17,sectors.is_sleeping,ES_state,1,0,,6,15,1,
43,low_load,3,ES,19599,sleep,18,18,18,18,18,18,sectors.is_sleeping,ES_state,1,0,,6,16,1,
43,low_load,3,ES,19601,keep_active,20,20,20,20,20,20,none,none,1,0,,6,17,1,
43,low_load,3,ES,19605,sleep,21,21,21,21,21,21,sectors.is_sleeping,ES_state,1,0,,6,18,1,
44,outage_sector,3,ES,19665,keep_active,3,3,3,3,3,3,none,none,1,0,,6,1,1,
44,outage_sector,3,ES,19667,keep_active,13,13,13,13,13,13,none,none,1,0,,6,2,1,
45,overload,3,ES,19670,keep_active,7,7,7,7,7,7,none,none,1,0,,6,2,1,
21,degraded_sector,4,ES,19672,keep_active,3,3,3,3,3,3,none,none,1,0,,6,4,1,
21,degraded_sector,4,ES,19675,keep_active,9,9,9,9,9,9,none,none,1,0,,6,5,1,
46,normal,4,ES,19802,sleep,12,12,12,12,12,12,sectors.is_sleeping,ES_state,1,0,,6,1,1,
24,outage_sector,5,ES,19939,keep_active,5,5,5,5,5,5,none,none,1,0,,6,2,1,
24,outage_sector,5,ES,19941,keep_active,11,11,11,11,11,11,none,none,1,0,,6,3,1,
24,outage_sector,5,ES,19945,sleep,13,13,13,13,13,13,sectors.is_sleeping,ES_state,1,0,,6,4,1,
47,low_load,8,ES,20200,keep_active,1,1,1,1,1,1,none,none,1,0,,6,1,1,
47,low_load,8,ES,20202,keep_active,3,3,3,3,3,3,none,none,1,0,,6,2,1,
47,low_load,8,ES,20205,keep_active,4,4,4,4,4,4,none,none,1,0,,6,3,1,
47,low_load,8,ES,20209,sleep,5,5,5,5,5,5,sectors.is_sleeping,ES_state,1,0,,6,4,1,
47,low_load,8,ES,20211,keep_active,6,6,6,6,6,6,none,none,1,0,,6,5,1,
47,low_load,8,ES,20214,keep_active,7,7,7,7,7,7,none,none,1,0,,6,6,1,
47,low_load,8,ES,20218,sleep,8,8,8,8,8,8,sectors.is_sleeping,ES_state,1,0,,6,7,1,
47,low_load,8,ES,20221,sleep,10,10,10,10,10,10,sectors.is_sleeping,ES_state,1,0,,6,8,1,
47,low_load,8,ES,20223,keep_active,11,11,11,11,11,11,none,none,1,0,,6,9,1,
47,low_load,8,ES,20225,keep_active,13,13,13,13,13,13,none,none,1,0,,6,10,1,
47,low_load,8,ES,20227,keep_active,14,14,14,14,14,14,none,none,1,0,,6,11,1,
47,low_load,8,ES,20231,sleep,15,15,15,15,15,15,sectors.is_sleeping,ES_state,1,0,,6,12,1,
47,low_load,8,ES,20234,sleep,16,16,16,16,16,16,sectors.is_sleeping,ES_state,1,0,,6,13,1,
47,low_load,8,ES,20236,keep_active,17,17,17,17,17,17,none,none,1,0,,6,14,1,
47,low_load,8,ES,20240,sleep,18,18,18,18,18,18,sectors.is_sleeping,ES_state,1,0,,6,15,1,
47,low_load,8,ES,20242,keep_active,20,20,20,20,20,20,none,none,1,0,,6,16,1,
47,low_load,8,ES,20246,sleep,21,21,21,21,21,21,sectors.is_sleeping,ES_state,1,0,,6,17,1,
48,normal,8,ES,20297,keep_active,3,3,3,3,3,3,none,none,1,0,,6,1,1,
48,normal,8,ES,20299,keep_active,14,14,14,14,14,14,none,none,1,0,,6,2,1,
49,low_load_energy_saving_candidate,9,ES,20374,keep_active,2,2,2,2,2,2,none,none,1,0,,6,1,1,
49,low_load_energy_saving_candidate,9,ES,20378,sleep,3,3,3,3,3,3,sectors.is_sleeping,ES_state,1,0,,6,2,1,
49,low_load_energy_saving_candidate,9,ES,20380,keep_active,4,4,4,4,4,4,none,none,1,0,,6,3,1,
49,low_load_energy_saving_candidate,9,ES,20384,sleep,5,5,5,5,5,5,sectors.is_sleeping,ES_state,1,0,,6,4,1,
49,low_load_energy_saving_candidate,9,ES,20386,keep_active,7,7,7,7,7,7,none,none,1,0,,6,5,1,
49,low_load_energy_saving_candidate,9,ES,20389,keep_active,8,8,8,8,8,8,none,none,1,0,,6,6,1,
49,low_load_energy_saving_candidate,9,ES,20392,keep_active,9,9,9,9,9,9,none,none,1,0,,6,7,1,
49,low_load_energy_saving_candidate,9,ES,20396,sleep,10,10,10,10,10,10,sectors.is_sleeping,ES_state,1,0,,6,8,1,
49,low_load_energy_saving_candidate,9,ES,20398,keep_active,11,11,11,11,11,11,none,none,1,0,,6,9,1,
49,low_load_energy_saving_candidate,9,ES,20402,sleep,12,12,12,12,12,12,sectors.is_sleeping,ES_state,1,0,,6,10,1,
49,low_load_energy_saving_candidate,9,ES,20404,keep_active,13,13,13,13,13,13,none,none,1,0,,6,11,1,
49,low_load_energy_saving_candidate,9,ES,20407,keep_active,14,14,14,14,14,14,none,none,1,0,,6,12,1,
49,low_load_energy_saving_candidate,9,ES,20409,keep_active,15,15,15,15,15,15,none,none,1,0,,6,13,1,
49,low_load_energy_saving_candidate,9,ES,20412,keep_active,16,16,16,16,16,16,none,none,1,0,,6,14,1,
49,low_load_energy_saving_candidate,9,ES,20416,sleep,17,17,17,17,17,17,sectors.is_sleeping,ES_state,1,0,,6,15,1,
49,low_load_energy_saving_candidate,9,ES,20418,keep_active,18,18,18,18,18,18,none,none,1,0,,6,16,1,
49,low_load_energy_saving_candidate,9,ES,20422,sleep,20,20,20,20,20,20,sectors.is_sleeping,ES_state,1,0,,6,17,1,
49,low_load_energy_saving_candidate,9,ES,20425,sleep,21,21,21,21,21,21,sectors.is_sleeping,ES_state,1,0,,6,18,1,
50,degraded_sector,10,ES,20441,keep_active,5,5,5,5,5,5,none,none,1,0,,6,1,1,
50,degraded_sector,10,ES,20444,keep_active,10,10,10,10,10,10,none,none,1,0,,6,2,1,
6,mixed_conflict,11,ES,20678,sleep,2,2,2,2,2,2,sectors.is_sleeping,ES_state,0,1,ES sleep on a sector also touched by COC/LB/HO-MRO action.,6,0,1,es_sleep_overlap
51,normal,13,ES,20920,sleep,19,19,19,19,19,19,sectors.is_sleeping,ES_state,1,0,,6,1,1,
52,low_load_energy_saving_candidate,14,ES,20987,keep_active,1,1,1,1,1,1,none,none,1,0,,6,1,1,
52,low_load_energy_saving_candidate,14,ES,20990,keep_active,2,2,2,2,2,2,none,none,1,0,,6,2,1,
52,low_load_energy_saving_candidate,14,ES,20993,keep_active,3,3,3,3,3,3,none,none,1,0,,6,3,1,
52,low_load_energy_saving_candidate,14,ES,20996,keep_active,4,4,4,4,4,4,none,none,1,0,,6,4,1,
52,low_load_energy_saving_candidate,14,ES,20999,keep_active,5,5,5,5,5,5,none,none,1,0,,6,5,1,
52,low_load_energy_saving_candidate,14,ES,21003,sleep,6,6,6,6,6,6,sectors.is_sleeping,ES_state,1,0,,6,6,1,
52,low_load_energy_saving_candidate,14,ES,21005,keep_active,7,7,7,7,7,7,none,none,1,0,,6,7,1,
52,low_load_energy_saving_candidate,14,ES,21007,keep_active,8,8,8,8,8,8,none,none,1,0,,6,8,1,
52,low_load_energy_saving_candidate,14,ES,21010,keep_active,9,9,9,9,9,9,none,none,1,0,,6,9,1,
52,low_load_energy_saving_candidate,14,ES,21012,keep_active,10,10,10,10,10,10,none,none,1,0,,6,10,1,
52,low_load_energy_saving_candidate,14,ES,21015,keep_active,11,11,11,11,11,11,none,none,1,0,,6,11,1,
52,low_load_energy_saving_candidate,14,ES,21018,keep_active,13,13,13,13,13,13,none,none,1,0,,6,12,1,
52,low_load_energy_saving_candidate,14,ES,21022,sleep,14,14,14,14,14,14,sectors.is_sleeping,ES_state,1,0,,6,13,1,
52,low_load_energy_saving_candidate,14,ES,21024,keep_active,15,15,15,15,15,15,none,none,1,0,,6,14,1,
52,low_load_energy_saving_candidate,14,ES,21027,keep_active,16,16,16,16,16,16,none,none,1,0,,6,15,1,
52,low_load_energy_saving_candidate,14,ES,21031,sleep,17,17,17,17,17,17,sectors.is_sleeping,ES_state,1,0,,6,16,1,
52,low_load_energy_saving_candidate,14,ES,21034,sleep,18,18,18,18,18,18,sectors.is_sleeping,ES_state,1,0,,6,17,1,
52,low_load_energy_saving_candidate,14,ES,21036,keep_active,21,21,21,21,21,21,none,none,1,0,,6,18,1,
53,handover_stress,15,ES,21053,keep_active,13,13,13,13,13,13,none,none,1,0,,6,1,1,
53,handover_stress,15,ES,21056,keep_active,21,21,21,21,21,21,none,none,1,0,,6,2,1,
54,low_load_energy_saving_candidate,15,ES,21118,keep_active,1,1,1,1,1,1,none,none,1,0,,6,1,1,
54,low_load_energy_saving_candidate,15,ES,21121,keep_active,3,3,3,3,3,3,none,none,1,0,,6,2,1,
54,low_load_energy_saving_candidate,15,ES,21124,keep_active,4,4,4,4,4,4,none,none,1,0,,6,3,1,
54,low_load_energy_saving_candidate,15,ES,21127,keep_active,5,5,5,5,5,5,none,none,1,0,,6,4,1,
54,low_load_energy_saving_candidate,15,ES,21130,keep_active,6,6,6,6,6,6,none,none,1,0,,6,5,1,
54,low_load_energy_saving_candidate,15,ES,21134,sleep,7,7,7,7,7,7,sectors.is_sleeping,ES_state,1,0,,6,6,1,
54,low_load_energy_saving_candidate,15,ES,21136,keep_active,8,8,8,8,8,8,none,none,1,0,,6,7,1,
54,low_load_energy_saving_candidate,15,ES,21139,keep_active,9,9,9,9,9,9,none,none,1,0,,6,8,1,
54,low_load_energy_saving_candidate,15,ES,21143,sleep,10,10,10,10,10,10,sectors.is_sleeping,ES_state,1,0,,6,9,1,
54,low_load_energy_saving_candidate,15,ES,21145,keep_active,11,11,11,11,11,11,none,none,1,0,,6,10,1,
54,low_load_energy_saving_candidate,15,ES,21149,sleep,12,12,12,12,12,12,sectors.is_sleeping,ES_state,1,0,,6,11,1,
54,low_load_energy_saving_candidate,15,ES,21152,sleep,13,13,13,13,13,13,sectors.is_sleeping,ES_state,1,0,,6,12,1,
54,low_load_energy_saving_candidate,15,ES,21154,keep_active,14,14,14,14,14,14,none,none,1,0,,6,13,1,
54,low_load_energy_saving_candidate,15,ES,21158,sleep,15,15,15,15,15,15,sectors.is_sleeping,ES_state,1,0,,6,14,1,
54,low_load_energy_saving_candidate,15,ES,21161,sleep,16,16,16,16,16,16,sectors.is_sleeping,ES_state,1,0,,6,15,1,
54,low_load_energy_saving_candidate,15,ES,21163,keep_active,17,17,17,17,17,17,none,none,1,0,,6,16,1,
54,low_load_energy_saving_candidate,15,ES,21167,sleep,18,18,18,18,18,18,sectors.is_sleeping,ES_state,1,0,,6,17,1,
54,low_load_energy_saving_candidate,15,ES,21170,sleep,19,19,19,19,19,19,sectors.is_sleeping,ES_state,1,0,,6,18,1,
54,low_load_energy_saving_candidate,15,ES,21172,keep_active,20,20,20,20,20,20,none,none,1,0,,6,19,1,
54,low_load_energy_saving_candidate,15,ES,21175,keep_active,21,21,21,21,21,21,none,none,1,0,,6,20,1,
8,outage_sector,15,ES,21183,keep_active,6,6,6,6,6,6,none,none,1,0,,6,2,1,
8,outage_sector,15,ES,21186,keep_active,15,15,15,15,15,15,none,none,1,0,,6,3,1,
34,handover_stress,16,ES,21191,keep_active,5,5,5,5,5,5,none,none,1,0,,6,3,1,
34,handover_stress,16,ES,21193,keep_active,13,13,13,13,13,13,none,none,1,0,,6,4,1,
34,handover_stress,16,ES,21197,sleep,18,18,18,18,18,18,sectors.is_sleeping,ES_state,1,0,,6,5,1,
55,outage_sector,17,ES,21429,keep_active,4,4,4,4,4,4,none,none,1,0,,6,4,1,
55,outage_sector,17,ES,21432,keep_active,5,5,5,5,5,5,none,none,1,0,,6,5,1,
55,outage_sector,17,ES,21435,keep_active,11,11,11,11,11,11,none,none,1,0,,6,6,1,
55,outage_sector,17,ES,21438,keep_active,13,13,13,13,13,13,none,none,1,0,,6,7,1,
55,outage_sector,17,ES,21441,keep_active,14,14,14,14,14,14,none,none,1,0,,6,8,1,
55,outage_sector,17,ES,21444,keep_active,17,17,17,17,17,17,none,none,1,0,,6,9,1,
56,low_load_energy_saving_candidate,18,ES,21513,sleep,1,1,1,1,1,1,sectors.is_sleeping,ES_state,1,0,,6,1,1,
56,low_load_energy_saving_candidate,18,ES,21515,keep_active,2,2,2,2,2,2,none,none,1,0,,6,2,1,
56,low_load_energy_saving_candidate,18,ES,21518,keep_active,3,3,3,3,3,3,none,none,1,0,,6,3,1,
56,low_load_energy_saving_candidate,18,ES,21521,keep_active,4,4,4,4,4,4,none,none,1,0,,6,4,1,
56,low_load_energy_saving_candidate,18,ES,21524,keep_active,5,5,5,5,5,5,none,none,1,0,,6,5,1,
56,low_load_energy_saving_candidate,18,ES,21527,keep_active,6,6,6,6,6,6,none,none,1,0,,6,6,1,
56,low_load_energy_saving_candidate,18,ES,21530,keep_active,7,7,7,7,7,7,none,none,1,0,,6,7,1,
56,low_load_energy_saving_candidate,18,ES,21533,keep_active,9,9,9,9,9,9,none,none,1,0,,6,8,1,
56,low_load_energy_saving_candidate,18,ES,21536,keep_active,10,10,10,10,10,10,none,none,1,0,,6,9,1,
56,low_load_energy_saving_candidate,18,ES,21538,keep_active,11,11,11,11,11,11,none,none,1,0,,6,10,1,
56,low_load_energy_saving_candidate,18,ES,21541,keep_active,12,12,12,12,12,12,none,none,1,0,,6,11,1,
56,low_load_energy_saving_candidate,18,ES,21544,keep_active,13,13,13,13,13,13,none,none,1,0,,6,12,1,
56,low_load_energy_saving_candidate,18,ES,21547,keep_active,14,14,14,14,14,14,none,none,1,0,,6,13,1,
56,low_load_energy_saving_candidate,18,ES,21550,keep_active,15,15,15,15,15,15,none,none,1,0,,6,14,1,
56,low_load_energy_saving_candidate,18,ES,21553,keep_active,16,16,16,16,16,16,none,none,1,0,,6,15,1,
56,low_load_energy_saving_candidate,18,ES,21556,keep_active,17,17,17,17,17,17,none,none,1,0,,6,16,1,
56,low_load_energy_saving_candidate,18,ES,21560,sleep,18,18,18,18,18,18,sectors.is_sleeping,ES_state,1,0,,6,17,1,
56,low_load_energy_saving_candidate,18,ES,21562,keep_active,19,19,19,19,19,19,none,none,1,0,,6,18,1,
56,low_load_energy_saving_candidate,18,ES,21565,keep_active,20,20,20,20,20,20,none,none,1,0,,6,19,1,
56,low_load_energy_saving_candidate,18,ES,21569,sleep,21,21,21,21,21,21,sectors.is_sleeping,ES_state,1,0,,6,20,1,
57,low_load,19,ES,21589,keep_active,1,1,1,1,1,1,none,none,1,0,,6,1,1,
57,low_load,19,ES,21592,keep_active,3,3,3,3,3,3,none,none,1,0,,6,2,1,
57,low_load,19,ES,21595,keep_active,4,4,4,4,4,4,none,none,1,0,,6,3,1,
57,low_load,19,ES,21598,keep_active,5,5,5,5,5,5,none,none,1,0,,6,4,1,
57,low_load,19,ES,21602,sleep,6,6,6,6,6,6,sectors.is_sleeping,ES_state,1,0,,6,5,1,
57,low_load,19,ES,21605,sleep,7,7,7,7,7,7,sectors.is_sleeping,ES_state,1,0,,6,6,1,
57,low_load,19,ES,21608,sleep,8,8,8,8,8,8,sectors.is_sleeping,ES_state,1,0,,6,7,1,
57,low_load,19,ES,21610,keep_active,10,10,10,10,10,10,none,none,1,0,,6,8,1,
57,low_load,19,ES,21612,keep_active,11,11,11,11,11,11,none,none,1,0,,6,9,1,
57,low_load,19,ES,21615,keep_active,12,12,12,12,12,12,none,none,1,0,,6,10,1,
57,low_load,19,ES,21618,keep_active,13,13,13,13,13,13,none,none,1,0,,6,11,1,
57,low_load,19,ES,21622,sleep,15,15,15,15,15,15,sectors.is_sleeping,ES_state,1,0,,6,12,1,
57,low_load,19,ES,21624,keep_active,16,16,16,16,16,16,none,none,1,0,,6,13,1,
57,low_load,19,ES,21627,keep_active,17,17,17,17,17,17,none,none,1,0,,6,14,1,
57,low_load,19,ES,21630,keep_active,18,18,18,18,18,18,none,none,1,0,,6,15,1,
57,low_load,19,ES,21633,keep_active,19,19,19,19,19,19,none,none,1,0,,6,16,1,
57,low_load,19,ES,21637,sleep,20,20,20,20,20,20,sectors.is_sleeping,ES_state,1,0,,6,17,1,
57,low_load,19,ES,21639,keep_active,21,21,21,21,21,21,none,none,1,0,,6,18,1,
58,low_load_energy_saving_candidate,19,ES,21643,sleep,1,1,1,1,1,1,sectors.is_sleeping,ES_state,1,0,,6,1,1,
58,low_load_energy_saving_candidate,19,ES,21645,keep_active,2,2,2,2,2,2,none,none,1,0,,6,2,1,
58,low_load_energy_saving_candidate,19,ES,21648,keep_active,3,3,3,3,3,3,none,none,1,0,,6,3,1,
58,low_load_energy_saving_candidate,19,ES,21651,keep_active,4,4,4,4,4,4,none,none,1,0,,6,4,1,
58,low_load_energy_saving_candidate,19,ES,21655,sleep,5,5,5,5,5,5,sectors.is_sleeping,ES_state,1,0,,6,5,1,
58,low_load_energy_saving_candidate,19,ES,21657,keep_active,6,6,6,6,6,6,none,none,1,0,,6,6,1,
58,low_load_energy_saving_candidate,19,ES,21660,keep_active,7,7,7,7,7,7,none,none,1,0,,6,7,1,
58,low_load_energy_saving_candidate,19,ES,21663,keep_active,8,8,8,8,8,8,none,none,1,0,,6,8,1,
58,low_load_energy_saving_candidate,19,ES,21667,sleep,9,9,9,9,9,9,sectors.is_sleeping,ES_state,1,0,,6,9,1,
58,low_load_energy_saving_candidate,19,ES,21669,keep_active,10,10,10,10,10,10,none,none,1,0,,6,10,1,
58,low_load_energy_saving_candidate,19,ES,21672,keep_active,11,11,11,11,11,11,none,none,1,0,,6,11,1,
58,low_load_energy_saving_candidate,19,ES,21675,keep_active,12,12,12,12,12,12,none,none,1,0,,6,12,1,
58,low_load_energy_saving_candidate,19,ES,21679,sleep,13,13,13,13,13,13,sectors.is_sleeping,ES_state,1,0,,6,13,1,
58,low_load_energy_saving_candidate,19,ES,21681,keep_active,14,14,14,14,14,14,none,none,1,0,,6,14,1,
58,low_load_energy_saving_candidate,19,ES,21684,keep_active,15,15,15,15,15,15,none,none,1,0,,6,15,1,
58,low_load_energy_saving_candidate,19,ES,21687,keep_active,17,17,17,17,17,17,none,none,1,0,,6,16,1,
58,low_load_energy_saving_candidate,19,ES,21690,keep_active,18,18,18,18,18,18,none,none,1,0,,6,17,1,
58,low_load_energy_saving_candidate,19,ES,21694,sleep,19,19,19,19,19,19,sectors.is_sleeping,ES_state,1,0,,6,18,1,
58,low_load_energy_saving_candidate,19,ES,21696,keep_active,20,20,20,20,20,20,none,none,1,0,,6,19,1,
58,low_load_energy_saving_candidate,19,ES,21700,sleep,21,21,21,21,21,21,sectors.is_sleeping,ES_state,1,0,,6,20,1,
14,degraded_sector,20,ES,21718,keep_active,14,14,14,14,14,14,none,none,1,0,,6,4,1,
14,degraded_sector,20,ES,21721,keep_active,20,20,20,20,20,20,none,none,1,0,,6,5,1,
59,outage_sector,20,ES,21830,keep_active,7,7,7,7,7,7,none,none,1,0,,6,2,1,
59,outage_sector,20,ES,21833,keep_active,20,20,20,20,20,20,none,none,1,0,,6,3,1,
38,handover_stress,1,HO/MRO,22149,handover_parameter_adjustment,2,12,2,12,2,12,sectors.hom_offset_dB|sectors.ttt_offset_ms|sectors.cio_dB,HOM|TTT|CIO,1,0,,4,1,1,
38,handover_stress,1,HO/MRO,22386,handover_parameter_adjustment,3,20,3,20,3,20,sectors.hom_offset_dB|sectors.ttt_offset_ms|sectors.cio_dB,HOM|TTT|CIO,1,0,,4,2,1,
38,handover_stress,1,HO/MRO,22505,handover_parameter_adjustment,4,5,4,5,4,5,sectors.hom_offset_dB|sectors.ttt_offset_ms|sectors.cio_dB,HOM|TTT|CIO,1,0,,4,3,1,
38,handover_stress,1,HO/MRO,22683,handover_parameter_adjustment,5,1,5,1,5,1,sectors.hom_offset_dB|sectors.ttt_offset_ms|sectors.cio_dB,HOM|TTT|CIO,1,0,,4,4,1,
38,handover_stress,1,HO/MRO,22861,handover_parameter_adjustment,6,19,6,19,6,19,sectors.hom_offset_dB|sectors.ttt_offset_ms|sectors.cio_dB,HOM|TTT|CIO,1,0,,4,5,1,
38,handover_stress,1,HO/MRO,23039,handover_parameter_adjustment,8,10,8,10,8,10,sectors.hom_offset_dB|sectors.ttt_offset_ms|sectors.cio_dB,HOM|TTT|CIO,1,0,,4,6,1,
38,handover_stress,1,HO/MRO,23217,handover_parameter_adjustment,9,1,9,1,9,1,sectors.hom_offset_dB|sectors.ttt_offset_ms|sectors.cio_dB,HOM|TTT|CIO,0,1,Both actions write the same simulator state variable on the same application sector.,4,0,1,duplicate_application_target_parameter
38,handover_stress,1,HO/MRO,23395,handover_parameter_adjustment,11,10,11,10,11,10,sectors.hom_offset_dB|sectors.ttt_offset_ms|sectors.cio_dB,HOM|TTT|CIO,0,1,Both actions write the same simulator state variable on the same application sector.,4,0,1,duplicate_application_target_parameter
38,handover_stress,1,HO/MRO,23573,handover_parameter_adjustment,12,2,12,2,12,2,sectors.hom_offset_dB|sectors.ttt_offset_ms|sectors.cio_dB,HOM|TTT|CIO,1,0,,4,7,1,
38,handover_stress,1,HO/MRO,23751,handover_parameter_adjustment,13,2,13,2,13,2,sectors.hom_offset_dB|sectors.ttt_offset_ms|sectors.cio_dB,HOM|TTT|CIO,0,1,Both actions write the same simulator state variable on the same application sector.,4,0,1,duplicate_application_target_parameter
38,handover_stress,1,HO/MRO,23929,handover_parameter_adjustment,15,17,15,17,15,17,sectors.hom_offset_dB|sectors.ttt_offset_ms|sectors.cio_dB,HOM|TTT|CIO,1,0,,4,8,1,
38,handover_stress,1,HO/MRO,24107,handover_parameter_adjustment,16,20,16,20,16,20,sectors.hom_offset_dB|sectors.ttt_offset_ms|sectors.cio_dB,HOM|TTT|CIO,0,1,Both actions write the same simulator state variable on the same application sector.,4,0,1,duplicate_application_target_parameter
38,handover_stress,1,HO/MRO,24285,handover_parameter_adjustment,17,15,17,15,17,15,sectors.hom_offset_dB|sectors.ttt_offset_ms|sectors.cio_dB,HOM|TTT|CIO,1,0,,4,9,1,
38,handover_stress,1,HO/MRO,24522,handover_parameter_adjustment,18,3,18,3,18,3,sectors.hom_offset_dB|sectors.ttt_offset_ms|sectors.cio_dB,HOM|TTT|CIO,1,0,,4,10,1,
38,handover_stress,1,HO/MRO,24641,handover_parameter_adjustment,19,6,19,6,19,6,sectors.hom_offset_dB|sectors.ttt_offset_ms|sectors.cio_dB,HOM|TTT|CIO,1,0,,4,11,1,
38,handover_stress,1,HO/MRO,24819,handover_parameter_adjustment,20,3,20,3,20,3,sectors.hom_offset_dB|sectors.ttt_offset_ms|sectors.cio_dB,HOM|TTT|CIO,0,1,Both actions write the same simulator state variable on the same application sector.,4,0,1,duplicate_application_target_parameter
38,handover_stress,1,HO/MRO,24997,handover_parameter_adjustment,21,19,21,19,21,19,sectors.hom_offset_dB|sectors.ttt_offset_ms|sectors.cio_dB,HOM|TTT|CIO,0,1,Both actions write the same simulator state variable on the same application sector.,4,0,1,duplicate_application_target_parameter
60,outage_sector,1,HO/MRO,26955,handover_parameter_adjustment,2,12,2,12,2,12,sectors.hom_offset_dB|sectors.ttt_offset_ms|sectors.cio_dB,HOM|TTT|CIO,1,0,,4,1,1,
60,outage_sector,1,HO/MRO,27133,handover_parameter_adjustment,5,1,5,1,5,1,sectors.hom_offset_dB|sectors.ttt_offset_ms|sectors.cio_dB,HOM|TTT|CIO,1,0,,4,2,1,
61,degraded_sector,2,HO/MRO,27714,handover_parameter_adjustment,2,12,2,12,2,12,sectors.hom_offset_dB|sectors.ttt_offset_ms|sectors.cio_dB,HOM|TTT|CIO,1,0,,4,1,1,
61,degraded_sector,2,HO/MRO,27845,handover_parameter_adjustment,9,1,9,1,9,1,sectors.hom_offset_dB|sectors.ttt_offset_ms|sectors.cio_dB,HOM|TTT|CIO,1,0,,4,2,1,
61,degraded_sector,2,HO/MRO,28023,handover_parameter_adjustment,10,8,10,8,10,8,sectors.hom_offset_dB|sectors.ttt_offset_ms|sectors.cio_dB,HOM|TTT|CIO,1,0,,4,3,1,
40,handover_stress,2,HO/MRO,28201,handover_parameter_adjustment,1,5,1,5,1,5,sectors.hom_offset_dB|sectors.ttt_offset_ms|sectors.cio_dB,HOM|TTT|CIO,1,0,,4,1,1,
40,handover_stress,2,HO/MRO,28379,handover_parameter_adjustment,3,16,3,16,3,16,sectors.hom_offset_dB|sectors.ttt_offset_ms|sectors.cio_dB,HOM|TTT|CIO,1,0,,4,2,1,
40,handover_stress,2,HO/MRO,28557,handover_parameter_adjustment,5,1,5,1,5,1,sectors.hom_offset_dB|sectors.ttt_offset_ms|sectors.cio_dB,HOM|TTT|CIO,1,0,,4,3,1,
40,handover_stress,2,HO/MRO,28735,handover_parameter_adjustment,8,10,8,10,8,10,sectors.hom_offset_dB|sectors.ttt_offset_ms|sectors.cio_dB,HOM|TTT|CIO,1,0,,4,4,1,
40,handover_stress,2,HO/MRO,28913,handover_parameter_adjustment,9,1,9,1,9,1,sectors.hom_offset_dB|sectors.ttt_offset_ms|sectors.cio_dB,HOM|TTT|CIO,0,1,Both actions write the same simulator state variable on the same application sector.,4,0,1,duplicate_application_target_parameter
40,handover_stress,2,HO/MRO,29091,handover_parameter_adjustment,10,8,10,8,10,8,sectors.hom_offset_dB|sectors.ttt_offset_ms|sectors.cio_dB,HOM|TTT|CIO,1,0,,4,5,1,
40,handover_stress,2,HO/MRO,29269,handover_parameter_adjustment,12,2,12,2,12,2,sectors.hom_offset_dB|sectors.ttt_offset_ms|sectors.cio_dB,HOM|TTT|CIO,1,0,,4,6,1,
40,handover_stress,2,HO/MRO,29447,handover_parameter_adjustment,13,2,13,2,13,2,sectors.hom_offset_dB|sectors.ttt_offset_ms|sectors.cio_dB,HOM|TTT|CIO,0,1,Both actions write the same simulator state variable on the same application sector.,4,0,1,duplicate_application_target_parameter
40,handover_stress,2,HO/MRO,29625,handover_parameter_adjustment,16,20,16,20,16,20,sectors.hom_offset_dB|sectors.ttt_offset_ms|sectors.cio_dB,HOM|TTT|CIO,1,0,,4,7,1,
40,handover_stress,2,HO/MRO,29803,handover_parameter_adjustment,17,15,17,15,17,15,sectors.hom_offset_dB|sectors.ttt_offset_ms|sectors.cio_dB,HOM|TTT|CIO,1,0,,4,8,1,
40,handover_stress,2,HO/MRO,29981,handover_parameter_adjustment,18,16,18,16,18,16,sectors.hom_offset_dB|sectors.ttt_offset_ms|sectors.cio_dB,HOM|TTT|CIO,0,1,Both actions write the same simulator state variable on the same application sector.,4,0,1,duplicate_application_target_parameter
40,handover_stress,2,HO/MRO,30159,handover_parameter_adjustment,19,6,19,6,19,6,sectors.hom_offset_dB|sectors.ttt_offset_ms|sectors.cio_dB,HOM|TTT|CIO,1,0,,4,9,1,
40,handover_stress,2,HO/MRO,30337,handover_parameter_adjustment,20,3,20,3,20,3,sectors.hom_offset_dB|sectors.ttt_offset_ms|sectors.cio_dB,HOM|TTT|CIO,1,0,,4,10,1,
40,handover_stress,2,HO/MRO,30515,handover_parameter_adjustment,21,19,21,19,21,19,sectors.hom_offset_dB|sectors.ttt_offset_ms|sectors.cio_dB,HOM|TTT|CIO,1,0,,4,11,1,
62,overload,2,HO/MRO,32223,handover_parameter_adjustment,2,13,2,13,2,13,sectors.hom_offset_dB|sectors.ttt_offset_ms|sectors.cio_dB,HOM|TTT|CIO,1,0,,4,1,1,
62,overload,2,HO/MRO,32283,no_op,5,0,5,0,0,0,none,none,1,0,,4,2,1,
62,overload,2,HO/MRO,32532,handover_parameter_adjustment,15,13,15,13,15,13,sectors.hom_offset_dB|sectors.ttt_offset_ms|sectors.cio_dB,HOM|TTT|CIO,0,1,Both actions write the same simulator state variable on the same application sector.,4,0,1,duplicate_application_target_parameter
2,degraded_sector,3,HO/MRO,32651,handover_parameter_adjustment,3,16,3,16,3,16,sectors.hom_offset_dB|sectors.ttt_offset_ms|sectors.cio_dB,HOM|TTT|CIO,1,0,,4,3,1,
2,degraded_sector,3,HO/MRO,32829,handover_parameter_adjustment,13,2,13,2,13,2,sectors.hom_offset_dB|sectors.ttt_offset_ms|sectors.cio_dB,HOM|TTT|CIO,1,0,,4,4,1,
45,overload,3,HO/MRO,35843,no_op,2,0,2,0,0,0,none,none,1,0,,4,1,1,
63,mixed_conflict,4,HO/MRO,39462,handover_parameter_adjustment,2,12,2,12,2,12,sectors.hom_offset_dB|sectors.ttt_offset_ms|sectors.cio_dB,HOM|TTT|CIO,1,0,,4,1,1,
63,mixed_conflict,4,HO/MRO,39758,handover_parameter_adjustment,5,4,5,4,5,4,sectors.hom_offset_dB|sectors.ttt_offset_ms|sectors.cio_dB,HOM|TTT|CIO,1,0,,4,2,1,
64,low_load,5,HO/MRO,43378,handover_parameter_adjustment,16,20,16,20,16,20,sectors.hom_offset_dB|sectors.ttt_offset_ms|sectors.cio_dB,HOM|TTT|CIO,1,0,,4,1,1,
65,mixed_conflict,5,HO/MRO,44030,handover_parameter_adjustment,12,10,12,10,12,10,sectors.hom_offset_dB|sectors.ttt_offset_ms|sectors.cio_dB,HOM|TTT|CIO,1,0,,4,1,1,
26,outage_sector,6,HO/MRO,49917,handover_parameter_adjustment,5,1,5,1,5,1,sectors.hom_offset_dB|sectors.ttt_offset_ms|sectors.cio_dB,HOM|TTT|CIO,1,0,,4,3,1,
26,outage_sector,6,HO/MRO,50095,handover_parameter_adjustment,9,1,9,1,9,1,sectors.hom_offset_dB|sectors.ttt_offset_ms|sectors.cio_dB,HOM|TTT|CIO,0,1,Both actions write the same simulator state variable on the same application sector.,4,0,1,duplicate_application_target_parameter
26,outage_sector,6,HO/MRO,50273,handover_parameter_adjustment,17,15,17,15,17,15,sectors.hom_offset_dB|sectors.ttt_offset_ms|sectors.cio_dB,HOM|TTT|CIO,1,0,,4,4,1,
66,normal,7,HO/MRO,55079,handover_parameter_adjustment,1,5,1,5,1,5,sectors.hom_offset_dB|sectors.ttt_offset_ms|sectors.cio_dB,HOM|TTT|CIO,1,0,,4,1,1,
66,normal,7,HO/MRO,55257,handover_parameter_adjustment,2,12,2,12,2,12,sectors.hom_offset_dB|sectors.ttt_offset_ms|sectors.cio_dB,HOM|TTT|CIO,1,0,,4,2,1,
66,normal,7,HO/MRO,55435,handover_parameter_adjustment,19,6,19,6,19,6,sectors.hom_offset_dB|sectors.ttt_offset_ms|sectors.cio_dB,HOM|TTT|CIO,1,0,,4,3,1,
66,normal,7,HO/MRO,55613,handover_parameter_adjustment,20,3,20,3,20,3,sectors.hom_offset_dB|sectors.ttt_offset_ms|sectors.cio_dB,HOM|TTT|CIO,1,0,,4,4,1,
67,overload,8,HO/MRO,61119,no_op,16,0,16,0,0,0,none,none,1,0,,4,1,1,
3,degraded_sector,9,HO/MRO,61309,handover_parameter_adjustment,10,8,10,8,10,8,sectors.hom_offset_dB|sectors.ttt_offset_ms|sectors.cio_dB,HOM|TTT|CIO,1,0,,4,2,1,
68,normal,9,HO/MRO,65937,handover_parameter_adjustment,13,2,13,2,13,2,sectors.hom_offset_dB|sectors.ttt_offset_ms|sectors.cio_dB,HOM|TTT|CIO,1,0,,4,1,1,
68,normal,9,HO/MRO,66162,handover_parameter_adjustment,16,20,16,20,16,20,sectors.hom_offset_dB|sectors.ttt_offset_ms|sectors.cio_dB,HOM|TTT|CIO,1,0,,4,2,1,
69,overload,9,HO/MRO,66827,handover_parameter_adjustment,2,12,2,12,2,12,sectors.hom_offset_dB|sectors.ttt_offset_ms|sectors.cio_dB,HOM|TTT|CIO,1,0,,4,1,1,
69,overload,9,HO/MRO,67052,handover_parameter_adjustment,9,1,9,1,9,1,sectors.hom_offset_dB|sectors.ttt_offset_ms|sectors.cio_dB,HOM|TTT|CIO,1,0,,4,2,1,
70,normal,10,HO/MRO,70565,handover_parameter_adjustment,2,12,2,12,2,12,sectors.hom_offset_dB|sectors.ttt_offset_ms|sectors.cio_dB,HOM|TTT|CIO,1,0,,4,1,1,
70,normal,10,HO/MRO,70743,handover_parameter_adjustment,13,2,13,2,13,2,sectors.hom_offset_dB|sectors.ttt_offset_ms|sectors.cio_dB,HOM|TTT|CIO,1,0,,4,2,1,
71,low_load_energy_saving_candidate,11,HO/MRO,76617,handover_parameter_adjustment,6,19,6,19,6,19,sectors.hom_offset_dB|sectors.ttt_offset_ms|sectors.cio_dB,HOM|TTT|CIO,1,0,,4,1,1,
72,handover_stress,13,HO/MRO,85517,handover_parameter_adjustment,1,5,1,5,1,5,sectors.hom_offset_dB|sectors.ttt_offset_ms|sectors.cio_dB,HOM|TTT|CIO,1,0,,4,1,1,
72,handover_stress,13,HO/MRO,85742,handover_parameter_adjustment,2,12,2,12,2,12,sectors.hom_offset_dB|sectors.ttt_offset_ms|sectors.cio_dB,HOM|TTT|CIO,1,0,,4,2,1,
72,handover_stress,13,HO/MRO,85873,handover_parameter_adjustment,3,16,3,16,3,16,sectors.hom_offset_dB|sectors.ttt_offset_ms|sectors.cio_dB,HOM|TTT|CIO,1,0,,4,3,1,
72,handover_stress,13,HO/MRO,86110,handover_parameter_adjustment,5,9,5,9,5,9,sectors.hom_offset_dB|sectors.ttt_offset_ms|sectors.cio_dB,HOM|TTT|CIO,1,0,,4,4,1,
72,handover_stress,13,HO/MRO,86229,handover_parameter_adjustment,8,10,8,10,8,10,sectors.hom_offset_dB|sectors.ttt_offset_ms|sectors.cio_dB,HOM|TTT|CIO,1,0,,4,5,1,
72,handover_stress,13,HO/MRO,86466,handover_parameter_adjustment,9,7,9,7,9,7,sectors.hom_offset_dB|sectors.ttt_offset_ms|sectors.cio_dB,HOM|TTT|CIO,1,0,,4,6,1,
72,handover_stress,13,HO/MRO,86644,handover_parameter_adjustment,12,13,12,13,12,13,sectors.hom_offset_dB|sectors.ttt_offset_ms|sectors.cio_dB,HOM|TTT|CIO,1,0,,4,7,1,
72,handover_stress,13,HO/MRO,86822,handover_parameter_adjustment,13,12,13,12,13,12,sectors.hom_offset_dB|sectors.ttt_offset_ms|sectors.cio_dB,HOM|TTT|CIO,0,1,Both actions write the same simulator state variable on the same application sector.,4,0,1,duplicate_application_target_parameter
72,handover_stress,13,HO/MRO,86941,handover_parameter_adjustment,14,13,14,13,14,13,sectors.hom_offset_dB|sectors.ttt_offset_ms|sectors.cio_dB,HOM|TTT|CIO,0,1,Both actions write the same simulator state variable on the same application sector.,4,0,1,duplicate_application_target_parameter
72,handover_stress,13,HO/MRO,87119,handover_parameter_adjustment,16,20,16,20,16,20,sectors.hom_offset_dB|sectors.ttt_offset_ms|sectors.cio_dB,HOM|TTT|CIO,1,0,,4,8,1,
72,handover_stress,13,HO/MRO,87297,handover_parameter_adjustment,17,15,17,15,17,15,sectors.hom_offset_dB|sectors.ttt_offset_ms|sectors.cio_dB,HOM|TTT|CIO,1,0,,4,9,1,
72,handover_stress,13,HO/MRO,87475,handover_parameter_adjustment,20,3,20,3,20,3,sectors.hom_offset_dB|sectors.ttt_offset_ms|sectors.cio_dB,HOM|TTT|CIO,1,0,,4,10,1,
73,low_load,13,HO/MRO,87653,handover_parameter_adjustment,2,12,2,12,2,12,sectors.hom_offset_dB|sectors.ttt_offset_ms|sectors.cio_dB,HOM|TTT|CIO,1,0,,4,1,1,
73,low_load,13,HO/MRO,87831,handover_parameter_adjustment,9,1,9,1,9,1,sectors.hom_offset_dB|sectors.ttt_offset_ms|sectors.cio_dB,HOM|TTT|CIO,1,0,,4,2,1,
73,low_load,13,HO/MRO,88009,handover_parameter_adjustment,13,2,13,2,13,2,sectors.hom_offset_dB|sectors.ttt_offset_ms|sectors.cio_dB,HOM|TTT|CIO,1,0,,4,3,1,
74,mixed_conflict,13,HO/MRO,88471,handover_parameter_adjustment,10,11,10,11,10,11,sectors.hom_offset_dB|sectors.ttt_offset_ms|sectors.cio_dB,HOM|TTT|CIO,1,0,,4,1,1,
75,low_load,17,HO/MRO,107589,handover_parameter_adjustment,3,16,3,16,3,16,sectors.hom_offset_dB|sectors.ttt_offset_ms|sectors.cio_dB,HOM|TTT|CIO,1,0,,4,1,1,
76,low_load_energy_saving_candidate,17,HO/MRO,107814,handover_parameter_adjustment,20,3,20,3,20,3,sectors.hom_offset_dB|sectors.ttt_offset_ms|sectors.cio_dB,HOM|TTT|CIO,1,0,,4,1,1,
10,mixed_conflict,17,HO/MRO,107933,no_op,1,0,1,0,0,0,none,none,1,0,,4,2,1,
10,mixed_conflict,17,HO/MRO,108229,handover_parameter_adjustment,9,7,9,7,9,7,sectors.hom_offset_dB|sectors.ttt_offset_ms|sectors.cio_dB,HOM|TTT|CIO,1,0,,4,3,1,
55,outage_sector,17,HO/MRO,108479,handover_parameter_adjustment,2,12,2,12,2,12,sectors.hom_offset_dB|sectors.ttt_offset_ms|sectors.cio_dB,HOM|TTT|CIO,1,0,,4,1,1,
55,outage_sector,17,HO/MRO,108657,handover_parameter_adjustment,12,2,12,2,12,2,sectors.hom_offset_dB|sectors.ttt_offset_ms|sectors.cio_dB,HOM|TTT|CIO,1,0,,4,2,1,
55,outage_sector,17,HO/MRO,108835,handover_parameter_adjustment,20,3,20,3,20,3,sectors.hom_offset_dB|sectors.ttt_offset_ms|sectors.cio_dB,HOM|TTT|CIO,1,0,,4,3,1,
77,handover_stress,18,HO/MRO,109369,handover_parameter_adjustment,1,5,1,5,1,5,sectors.hom_offset_dB|sectors.ttt_offset_ms|sectors.cio_dB,HOM|TTT|CIO,1,0,,4,1,1,
77,handover_stress,18,HO/MRO,109547,handover_parameter_adjustment,2,12,2,12,2,12,sectors.hom_offset_dB|sectors.ttt_offset_ms|sectors.cio_dB,HOM|TTT|CIO,1,0,,4,2,1,
77,handover_stress,18,HO/MRO,109784,handover_parameter_adjustment,3,20,3,20,3,20,sectors.hom_offset_dB|sectors.ttt_offset_ms|sectors.cio_dB,HOM|TTT|CIO,1,0,,4,3,1,
77,handover_stress,18,HO/MRO,109903,handover_parameter_adjustment,5,1,5,1,5,1,sectors.hom_offset_dB|sectors.ttt_offset_ms|sectors.cio_dB,HOM|TTT|CIO,1,0,,4,4,1,
77,handover_stress,18,HO/MRO,110128,handover_parameter_adjustment,6,19,6,19,6,19,sectors.hom_offset_dB|sectors.ttt_offset_ms|sectors.cio_dB,HOM|TTT|CIO,1,0,,4,5,1,
77,handover_stress,18,HO/MRO,110259,handover_parameter_adjustment,7,8,7,8,7,8,sectors.hom_offset_dB|sectors.ttt_offset_ms|sectors.cio_dB,HOM|TTT|CIO,1,0,,4,6,1,
77,handover_stress,18,HO/MRO,110437,handover_parameter_adjustment,8,10,8,10,8,10,sectors.hom_offset_dB|sectors.ttt_offset_ms|sectors.cio_dB,HOM|TTT|CIO,1,0,,4,7,1,
77,handover_stress,18,HO/MRO,110615,handover_parameter_adjustment,9,1,9,1,9,1,sectors.hom_offset_dB|sectors.ttt_offset_ms|sectors.cio_dB,HOM|TTT|CIO,0,1,Both actions write the same simulator state variable on the same application sector.,4,0,1,duplicate_application_target_parameter
77,handover_stress,18,HO/MRO,110793,handover_parameter_adjustment,10,8,10,8,10,8,sectors.hom_offset_dB|sectors.ttt_offset_ms|sectors.cio_dB,HOM|TTT|CIO,0,1,Both actions write the same simulator state variable on the same application sector.,4,0,1,duplicate_application_target_parameter
77,handover_stress,18,HO/MRO,110971,handover_parameter_adjustment,12,2,12,2,12,2,sectors.hom_offset_dB|sectors.ttt_offset_ms|sectors.cio_dB,HOM|TTT|CIO,1,0,,4,8,1,
77,handover_stress,18,HO/MRO,111149,handover_parameter_adjustment,13,2,13,2,13,2,sectors.hom_offset_dB|sectors.ttt_offset_ms|sectors.cio_dB,HOM|TTT|CIO,0,1,Both actions write the same simulator state variable on the same application sector.,4,0,1,duplicate_application_target_parameter
77,handover_stress,18,HO/MRO,111327,handover_parameter_adjustment,15,17,15,17,15,17,sectors.hom_offset_dB|sectors.ttt_offset_ms|sectors.cio_dB,HOM|TTT|CIO,1,0,,4,9,1,
77,handover_stress,18,HO/MRO,111505,handover_parameter_adjustment,16,20,16,20,16,20,sectors.hom_offset_dB|sectors.ttt_offset_ms|sectors.cio_dB,HOM|TTT|CIO,0,1,Both actions write the same simulator state variable on the same application sector.,4,0,1,duplicate_application_target_parameter
77,handover_stress,18,HO/MRO,111742,handover_parameter_adjustment,18,3,18,3,18,3,sectors.hom_offset_dB|sectors.ttt_offset_ms|sectors.cio_dB,HOM|TTT|CIO,1,0,,4,10,1,
77,handover_stress,18,HO/MRO,111861,handover_parameter_adjustment,20,3,20,3,20,3,sectors.hom_offset_dB|sectors.ttt_offset_ms|sectors.cio_dB,HOM|TTT|CIO,0,1,Both actions write the same simulator state variable on the same application sector.,4,0,1,duplicate_application_target_parameter
78,handover_stress,19,HO/MRO,114887,handover_parameter_adjustment,1,5,1,5,1,5,sectors.hom_offset_dB|sectors.ttt_offset_ms|sectors.cio_dB,HOM|TTT|CIO,1,0,,4,1,1,
78,handover_stress,19,HO/MRO,115065,handover_parameter_adjustment,2,12,2,12,2,12,sectors.hom_offset_dB|sectors.ttt_offset_ms|sectors.cio_dB,HOM|TTT|CIO,1,0,,4,2,1,
78,handover_stress,19,HO/MRO,115243,handover_parameter_adjustment,3,16,3,16,3,16,sectors.hom_offset_dB|sectors.ttt_offset_ms|sectors.cio_dB,HOM|TTT|CIO,1,0,,4,3,1,
78,handover_stress,19,HO/MRO,115480,handover_parameter_adjustment,5,9,5,9,5,9,sectors.hom_offset_dB|sectors.ttt_offset_ms|sectors.cio_dB,HOM|TTT|CIO,1,0,,4,4,1,
78,handover_stress,19,HO/MRO,115599,handover_parameter_adjustment,6,19,6,19,6,19,sectors.hom_offset_dB|sectors.ttt_offset_ms|sectors.cio_dB,HOM|TTT|CIO,1,0,,4,5,1,
78,handover_stress,19,HO/MRO,115777,handover_parameter_adjustment,8,10,8,10,8,10,sectors.hom_offset_dB|sectors.ttt_offset_ms|sectors.cio_dB,HOM|TTT|CIO,1,0,,4,6,1,
78,handover_stress,19,HO/MRO,116014,handover_parameter_adjustment,9,7,9,7,9,7,sectors.hom_offset_dB|sectors.ttt_offset_ms|sectors.cio_dB,HOM|TTT|CIO,1,0,,4,7,1,
78,handover_stress,19,HO/MRO,116133,handover_parameter_adjustment,10,8,10,8,10,8,sectors.hom_offset_dB|sectors.ttt_offset_ms|sectors.cio_dB,HOM|TTT|CIO,1,0,,4,8,1,
78,handover_stress,19,HO/MRO,116429,handover_parameter_adjustment,12,10,12,10,12,10,sectors.hom_offset_dB|sectors.ttt_offset_ms|sectors.cio_dB,HOM|TTT|CIO,0,1,Both actions write the same simulator state variable on the same application sector.,4,0,1,duplicate_application_target_parameter
78,handover_stress,19,HO/MRO,116548,handover_parameter_adjustment,13,12,13,12,13,12,sectors.hom_offset_dB|sectors.ttt_offset_ms|sectors.cio_dB,HOM|TTT|CIO,0,1,Both actions write the same simulator state variable on the same application sector.,4,0,1,duplicate_application_target_parameter
78,handover_stress,19,HO/MRO,116667,handover_parameter_adjustment,15,17,15,17,15,17,sectors.hom_offset_dB|sectors.ttt_offset_ms|sectors.cio_dB,HOM|TTT|CIO,1,0,,4,9,1,
78,handover_stress,19,HO/MRO,116845,handover_parameter_adjustment,16,20,16,20,16,20,sectors.hom_offset_dB|sectors.ttt_offset_ms|sectors.cio_dB,HOM|TTT|CIO,1,0,,4,10,1,
78,handover_stress,19,HO/MRO,117023,handover_parameter_adjustment,17,15,17,15,17,15,sectors.hom_offset_dB|sectors.ttt_offset_ms|sectors.cio_dB,HOM|TTT|CIO,1,0,,4,11,1,
78,handover_stress,19,HO/MRO,117201,handover_parameter_adjustment,18,16,18,16,18,16,sectors.hom_offset_dB|sectors.ttt_offset_ms|sectors.cio_dB,HOM|TTT|CIO,0,1,Both actions write the same simulator state variable on the same application sector.,4,0,1,duplicate_application_target_parameter
78,handover_stress,19,HO/MRO,117379,handover_parameter_adjustment,19,6,19,6,19,6,sectors.hom_offset_dB|sectors.ttt_offset_ms|sectors.cio_dB,HOM|TTT|CIO,1,0,,4,12,1,
78,handover_stress,19,HO/MRO,117557,handover_parameter_adjustment,20,3,20,3,20,3,sectors.hom_offset_dB|sectors.ttt_offset_ms|sectors.cio_dB,HOM|TTT|CIO,1,0,,4,13,1,
78,handover_stress,19,HO/MRO,117735,handover_parameter_adjustment,21,19,21,19,21,19,sectors.hom_offset_dB|sectors.ttt_offset_ms|sectors.cio_dB,HOM|TTT|CIO,0,1,Both actions write the same simulator state variable on the same application sector.,4,0,1,duplicate_application_target_parameter
79,normal,19,HO/MRO,118803,handover_parameter_adjustment,1,5,1,5,1,5,sectors.hom_offset_dB|sectors.ttt_offset_ms|sectors.cio_dB,HOM|TTT|CIO,1,0,,4,1,1,
79,normal,19,HO/MRO,118981,handover_parameter_adjustment,2,12,2,12,2,12,sectors.hom_offset_dB|sectors.ttt_offset_ms|sectors.cio_dB,HOM|TTT|CIO,1,0,,4,2,1,
79,normal,19,HO/MRO,119159,handover_parameter_adjustment,16,20,16,20,16,20,sectors.hom_offset_dB|sectors.ttt_offset_ms|sectors.cio_dB,HOM|TTT|CIO,1,0,,4,3,1,
79,normal,19,HO/MRO,119337,handover_parameter_adjustment,17,15,17,15,17,15,sectors.hom_offset_dB|sectors.ttt_offset_ms|sectors.cio_dB,HOM|TTT|CIO,1,0,,4,4,1,
14,degraded_sector,20,HO/MRO,120227,handover_parameter_adjustment,5,1,5,1,5,1,sectors.hom_offset_dB|sectors.ttt_offset_ms|sectors.cio_dB,HOM|TTT|CIO,1,0,,4,2,1,
14,degraded_sector,20,HO/MRO,120405,handover_parameter_adjustment,16,20,16,20,16,20,sectors.hom_offset_dB|sectors.ttt_offset_ms|sectors.cio_dB,HOM|TTT|CIO,1,0,,4,3,1,
80,low_load,20,HO/MRO,123965,handover_parameter_adjustment,4,5,4,5,4,5,sectors.hom_offset_dB|sectors.ttt_offset_ms|sectors.cio_dB,HOM|TTT|CIO,1,0,,4,1,1,
80,low_load,20,HO/MRO,124190,handover_parameter_adjustment,9,1,9,1,9,1,sectors.hom_offset_dB|sectors.ttt_offset_ms|sectors.cio_dB,HOM|TTT|CIO,1,0,,4,2,1,
81,low_load_energy_saving_candidate,20,HO/MRO,124321,handover_parameter_adjustment,2,12,2,12,2,12,sectors.hom_offset_dB|sectors.ttt_offset_ms|sectors.cio_dB,HOM|TTT|CIO,1,0,,4,1,1,
81,low_load_energy_saving_candidate,20,HO/MRO,124499,handover_parameter_adjustment,10,8,10,8,10,8,sectors.hom_offset_dB|sectors.ttt_offset_ms|sectors.cio_dB,HOM|TTT|CIO,1,0,,4,2,1,
81,low_load_energy_saving_candidate,20,HO/MRO,124677,handover_parameter_adjustment,13,2,13,2,13,2,sectors.hom_offset_dB|sectors.ttt_offset_ms|sectors.cio_dB,HOM|TTT|CIO,1,0,,4,3,1,
59,outage_sector,20,HO/MRO,125270,handover_parameter_adjustment,6,16,6,16,6,16,sectors.hom_offset_dB|sectors.ttt_offset_ms|sectors.cio_dB,HOM|TTT|CIO,1,0,,4,1,1,
82,low_load_energy_saving_candidate,21,HO/MRO,128593,handover_parameter_adjustment,1,5,1,5,1,5,sectors.hom_offset_dB|sectors.ttt_offset_ms|sectors.cio_dB,HOM|TTT|CIO,1,0,,4,1,1,
82,low_load_energy_saving_candidate,21,HO/MRO,128818,handover_parameter_adjustment,9,1,9,1,9,1,sectors.hom_offset_dB|sectors.ttt_offset_ms|sectors.cio_dB,HOM|TTT|CIO,1,0,,4,2,1,
82,low_load_energy_saving_candidate,21,HO/MRO,128949,handover_parameter_adjustment,20,3,20,3,20,3,sectors.hom_offset_dB|sectors.ttt_offset_ms|sectors.cio_dB,HOM|TTT|CIO,1,0,,4,3,1,
83,outage_sector,21,HO/MRO,130017,handover_parameter_adjustment,15,17,15,17,15,17,sectors.hom_offset_dB|sectors.ttt_offset_ms|sectors.cio_dB,HOM|TTT|CIO,1,0,,4,1,1,
83,outage_sector,21,HO/MRO,130195,handover_parameter_adjustment,19,6,19,6,19,6,sectors.hom_offset_dB|sectors.ttt_offset_ms|sectors.cio_dB,HOM|TTT|CIO,1,0,,4,2,1,
